--
-- PostgreSQL database dump
--

\restrict Toip35af2hoeXoa898EfG08cBoqoixTh3XX19l23nqrqbPrr2MZgB5ySOwVu5QL

-- Dumped from database version 17.6
-- Dumped by pg_dump version 17.6

SET statement_timeout = 0;
SET lock_timeout = 0;
SET idle_in_transaction_session_timeout = 0;
SET transaction_timeout = 0;
SET client_encoding = 'UTF8';
SET standard_conforming_strings = on;
SELECT pg_catalog.set_config('search_path', '', false);
SET check_function_bodies = false;
SET xmloption = content;
SET client_min_messages = warning;
SET row_security = off;

SET default_tablespace = '';

SET default_table_access_method = heap;

--
-- Name: AspNetRoleClaims; Type: TABLE; Schema: public; Owner: -
--

CREATE TABLE public."AspNetRoleClaims" (
    "Id" integer NOT NULL,
    "RoleId" integer NOT NULL,
    "ClaimType" text,
    "ClaimValue" text
);


--
-- Name: AspNetRoleClaims_Id_seq; Type: SEQUENCE; Schema: public; Owner: -
--

ALTER TABLE public."AspNetRoleClaims" ALTER COLUMN "Id" ADD GENERATED BY DEFAULT AS IDENTITY (
    SEQUENCE NAME public."AspNetRoleClaims_Id_seq"
    START WITH 1
    INCREMENT BY 1
    NO MINVALUE
    NO MAXVALUE
    CACHE 1
);


--
-- Name: AspNetRoles; Type: TABLE; Schema: public; Owner: -
--

CREATE TABLE public."AspNetRoles" (
    "Id" integer NOT NULL,
    "Name" character varying(256),
    "NormalizedName" character varying(256),
    "ConcurrencyStamp" text
);


--
-- Name: AspNetRoles_Id_seq; Type: SEQUENCE; Schema: public; Owner: -
--

ALTER TABLE public."AspNetRoles" ALTER COLUMN "Id" ADD GENERATED BY DEFAULT AS IDENTITY (
    SEQUENCE NAME public."AspNetRoles_Id_seq"
    START WITH 1
    INCREMENT BY 1
    NO MINVALUE
    NO MAXVALUE
    CACHE 1
);


--
-- Name: AspNetUserClaims; Type: TABLE; Schema: public; Owner: -
--

CREATE TABLE public."AspNetUserClaims" (
    "Id" integer NOT NULL,
    "UserId" integer NOT NULL,
    "ClaimType" text,
    "ClaimValue" text
);


--
-- Name: AspNetUserClaims_Id_seq; Type: SEQUENCE; Schema: public; Owner: -
--

ALTER TABLE public."AspNetUserClaims" ALTER COLUMN "Id" ADD GENERATED BY DEFAULT AS IDENTITY (
    SEQUENCE NAME public."AspNetUserClaims_Id_seq"
    START WITH 1
    INCREMENT BY 1
    NO MINVALUE
    NO MAXVALUE
    CACHE 1
);


--
-- Name: AspNetUserLogins; Type: TABLE; Schema: public; Owner: -
--

CREATE TABLE public."AspNetUserLogins" (
    "LoginProvider" text NOT NULL,
    "ProviderKey" text NOT NULL,
    "ProviderDisplayName" text,
    "UserId" integer NOT NULL
);


--
-- Name: AspNetUserRoles; Type: TABLE; Schema: public; Owner: -
--

CREATE TABLE public."AspNetUserRoles" (
    "UserId" integer NOT NULL,
    "RoleId" integer NOT NULL
);


--
-- Name: AspNetUserTokens; Type: TABLE; Schema: public; Owner: -
--

CREATE TABLE public."AspNetUserTokens" (
    "UserId" integer NOT NULL,
    "LoginProvider" text NOT NULL,
    "Name" text NOT NULL,
    "Value" text
);


--
-- Name: AspNetUsers; Type: TABLE; Schema: public; Owner: -
--

CREATE TABLE public."AspNetUsers" (
    "Id" integer NOT NULL,
    "Email" character varying(256),
    "PasswordHash" text,
    "RefreshToken" text DEFAULT ''::text,
    "RefreshTokenExpiry" timestamp with time zone,
    "AccessFailedCount" integer DEFAULT 0 NOT NULL,
    "ConcurrencyStamp" text,
    "EmailConfirmed" boolean DEFAULT false NOT NULL,
    "LockoutEnabled" boolean DEFAULT false NOT NULL,
    "LockoutEnd" timestamp with time zone,
    "NormalizedEmail" character varying(256),
    "NormalizedUserName" character varying(256),
    "PhoneNumber" text,
    "PhoneNumberConfirmed" boolean DEFAULT false NOT NULL,
    "SecurityStamp" text,
    "TwoFactorEnabled" boolean DEFAULT false NOT NULL,
    "UserName" character varying(256),
    "AccountCreationDate" timestamp with time zone DEFAULT '-infinity'::timestamp with time zone NOT NULL,
    "DeletedAt" timestamp with time zone,
    "IsDeleted" boolean DEFAULT false NOT NULL
);


--
-- Name: Category; Type: TABLE; Schema: public; Owner: -
--

CREATE TABLE public."Category" (
    "Id" integer NOT NULL,
    "Name" character varying(50) NOT NULL
);


--
-- Name: Category_Id_seq; Type: SEQUENCE; Schema: public; Owner: -
--

ALTER TABLE public."Category" ALTER COLUMN "Id" ADD GENERATED BY DEFAULT AS IDENTITY (
    SEQUENCE NAME public."Category_Id_seq"
    START WITH 1
    INCREMENT BY 1
    NO MINVALUE
    NO MAXVALUE
    CACHE 1
);


--
-- Name: Currency; Type: TABLE; Schema: public; Owner: -
--

CREATE TABLE public."Currency" (
    "Id" integer NOT NULL,
    "Name" character varying(10) NOT NULL
);


--
-- Name: Currency_Id_seq; Type: SEQUENCE; Schema: public; Owner: -
--

ALTER TABLE public."Currency" ALTER COLUMN "Id" ADD GENERATED BY DEFAULT AS IDENTITY (
    SEQUENCE NAME public."Currency_Id_seq"
    START WITH 1
    INCREMENT BY 1
    NO MINVALUE
    NO MAXVALUE
    CACHE 1
);


--
-- Name: Expense; Type: TABLE; Schema: public; Owner: -
--

CREATE TABLE public."Expense" (
    "Id" integer NOT NULL,
    "Date" timestamp with time zone NOT NULL,
    "Description" character varying(100) NOT NULL,
    "UserId" integer,
    "CategoryId" integer,
    "IssuerId" integer,
    "CurrencyId" integer,
    "GuestSessionId" uuid,
    "TotalAmount" numeric DEFAULT 0.0 NOT NULL,
    CONSTRAINT "CK_Expense_Owner_Exclusive" CHECK (((("UserId" IS NOT NULL) AND ("GuestSessionId" IS NULL)) OR (("UserId" IS NULL) AND ("GuestSessionId" IS NOT NULL))))
);


--
-- Name: Expense_Id_seq; Type: SEQUENCE; Schema: public; Owner: -
--

ALTER TABLE public."Expense" ALTER COLUMN "Id" ADD GENERATED BY DEFAULT AS IDENTITY (
    SEQUENCE NAME public."Expense_Id_seq"
    START WITH 1
    INCREMENT BY 1
    NO MINVALUE
    NO MAXVALUE
    CACHE 1
);


--
-- Name: Issuer; Type: TABLE; Schema: public; Owner: -
--

CREATE TABLE public."Issuer" (
    "Id" integer NOT NULL,
    "Name" character varying(50) NOT NULL
);


--
-- Name: Issuer_Id_seq; Type: SEQUENCE; Schema: public; Owner: -
--

ALTER TABLE public."Issuer" ALTER COLUMN "Id" ADD GENERATED BY DEFAULT AS IDENTITY (
    SEQUENCE NAME public."Issuer_Id_seq"
    START WITH 1
    INCREMENT BY 1
    NO MINVALUE
    NO MAXVALUE
    CACHE 1
);


--
-- Name: Product; Type: TABLE; Schema: public; Owner: -
--

CREATE TABLE public."Product" (
    "Id" integer NOT NULL,
    "Name" character varying(50) NOT NULL,
    "ExpenseId" integer NOT NULL,
    "Quantity" integer DEFAULT 0 NOT NULL,
    "Price" numeric DEFAULT 0.0 NOT NULL
);


--
-- Name: Product_Id_seq; Type: SEQUENCE; Schema: public; Owner: -
--

ALTER TABLE public."Product" ALTER COLUMN "Id" ADD GENERATED BY DEFAULT AS IDENTITY (
    SEQUENCE NAME public."Product_Id_seq"
    START WITH 1
    INCREMENT BY 1
    NO MINVALUE
    NO MAXVALUE
    CACHE 1
);


--
-- Name: User_Id_seq; Type: SEQUENCE; Schema: public; Owner: -
--

ALTER TABLE public."AspNetUsers" ALTER COLUMN "Id" ADD GENERATED BY DEFAULT AS IDENTITY (
    SEQUENCE NAME public."User_Id_seq"
    START WITH 1
    INCREMENT BY 1
    NO MINVALUE
    NO MAXVALUE
    CACHE 1
);


--
-- Name: __EFMigrationsHistory; Type: TABLE; Schema: public; Owner: -
--

CREATE TABLE public."__EFMigrationsHistory" (
    "MigrationId" character varying(150) NOT NULL,
    "ProductVersion" character varying(32) NOT NULL
);


--
-- Data for Name: AspNetRoleClaims; Type: TABLE DATA; Schema: public; Owner: -
--

COPY public."AspNetRoleClaims" ("Id", "RoleId", "ClaimType", "ClaimValue") FROM stdin;
\.


--
-- Data for Name: AspNetRoles; Type: TABLE DATA; Schema: public; Owner: -
--

COPY public."AspNetRoles" ("Id", "Name", "NormalizedName", "ConcurrencyStamp") FROM stdin;
5	User	USER	\N
6	Admin	ADMIN	\N
\.


--
-- Data for Name: AspNetUserClaims; Type: TABLE DATA; Schema: public; Owner: -
--

COPY public."AspNetUserClaims" ("Id", "UserId", "ClaimType", "ClaimValue") FROM stdin;
\.


--
-- Data for Name: AspNetUserLogins; Type: TABLE DATA; Schema: public; Owner: -
--

COPY public."AspNetUserLogins" ("LoginProvider", "ProviderKey", "ProviderDisplayName", "UserId") FROM stdin;
\.


--
-- Data for Name: AspNetUserRoles; Type: TABLE DATA; Schema: public; Owner: -
--

COPY public."AspNetUserRoles" ("UserId", "RoleId") FROM stdin;
15	6
3	5
18	5
20	5
\.


--
-- Data for Name: AspNetUserTokens; Type: TABLE DATA; Schema: public; Owner: -
--

COPY public."AspNetUserTokens" ("UserId", "LoginProvider", "Name", "Value") FROM stdin;
\.


--
-- Data for Name: AspNetUsers; Type: TABLE DATA; Schema: public; Owner: -
--

COPY public."AspNetUsers" ("Id", "Email", "PasswordHash", "RefreshToken", "RefreshTokenExpiry", "AccessFailedCount", "ConcurrencyStamp", "EmailConfirmed", "LockoutEnabled", "LockoutEnd", "NormalizedEmail", "NormalizedUserName", "PhoneNumber", "PhoneNumberConfirmed", "SecurityStamp", "TwoFactorEnabled", "UserName", "AccountCreationDate", "DeletedAt", "IsDeleted") FROM stdin;
7	user@example.com	stringst	\N	\N	0	b1727dba-71e1-470f-a84e-11b693e85e0b	f	f	\N	\N	\N	\N	f	\N	f	\N	2023-06-10 12:00:00+02	\N	f
5	test3@gmail.com	AQAAAAIAAYagAAAAEOWo07s6H0WvAX5ntW9EBLTEeJ6a70W2yxY4lM7fajteFkUFCLC+BdeYHRVktjmtXQ==	\N	\N	3	8c4d4f34-d0f7-4e31-8ee3-a2e1d2f088ff	f	t	\N	TEST3@GMAIL.COM	TEST3@GMAIL.COM	\N	f	5COZ5UQ4TLTO43NT4HJTBB2JL3NXSZHJ	f	test3@gmail.com	2023-06-10 12:00:00+02	\N	f
4	test2@gmail.com	AQAAAAIAAYagAAAAELI4fPHenl5H0pc610FBeu9MAebMyiSOJvftPvANTQMW6Jse2o7/HjKJdL14V337vA==	\N	\N	1	88cf5e17-8857-4414-8a8e-353763e54eda	f	t	\N	TEST2@GMAIL.COM	TEST2@GMAIL.COM	\N	f	MDFTVA73ZEHHOA5S4RVPXKNYCSFO7JCI	f	test2@gmail.com	2024-03-10 11:00:00+01	\N	f
6	test4@gmail.com	AQAAAAIAAYagAAAAELTcvZPbikRpENMoKHcQs7070a0zFD8FVXSEsj+S6dBZ9XPyY5k/DvAgU9RvXeEGcw==	9f38bd9a-f9d1-4c23-b542-49cfe8698798	2025-12-24 20:43:32.078931+01	0	8054689a-4315-421a-8796-7d22348155d9	f	t	\N	TEST4@GMAIL.COM	TEST4@GMAIL.COM	\N	f	LOKDZTRYIVC4KWKLES7DNK6XHSZRAITO	f	test4@gmail.com	2024-03-10 11:00:00+01	2026-01-06 15:30:43.931559+01	t
17	ok@gmail.com	AQAAAAIAAYagAAAAEGbqw4TEEUO7Nb2R/d84deP/2M+btUQYc84BezNk3iipbQXOfekmrUgSkQaHfDZ7VA==	ea800f3e-7ce0-4158-9268-7499d38d6c98	2026-01-06 22:24:24.611208+01	0	37c8fb79-3d61-4d8e-9003-1302b2fa7fce	f	t	\N	OK@GMAIL.COM	WORKKS	\N	f	QW2G5RJ2TKW3B6BCA5NB6DL3JV6NPKJS	f	WORKKS	2025-08-11 12:00:00+02	\N	f
14	actualtes@gmail.com	AQAAAAIAAYagAAAAEGIeCaGlqhoIGa0t8m40Y0+T0V4HmdIcp3LmF4zpgqT6hj60IrK5l3m3QuE/G8l4Fw==	51c86bb0-f6d9-4d64-9b0b-8092dbe732f8	2026-01-05 21:26:09.841618+01	0	074636dc-bc79-44e6-b5a3-5dc56f52b52c	f	t	\N	ACTUALTES@GMAIL.COM	ACTUALTEST@GMAIL.COM	\N	f	RSTEX5SA7WRKGDSQGAY5FRVZ24APIMKO	f	actualtest@gmail.com	2025-08-11 12:00:00+02	\N	f
18	test5@gmail.com	AQAAAAIAAYagAAAAEH3vG9M0XfpB1mblXOX5zGtuRcH7gQGOwyeEpS2bIbdavmgbrZKgWAX6XqB7xJZSng==	66ac5869-4adf-460d-ae56-46bd800c710d	2026-01-11 01:22:03.54909+01	0	481e1050-0d74-4eb9-90ac-bcdbb83d8a55	f	t	\N	TEST5@GMAIL.COM	TEST5	\N	f	IHHO7GIIBPK3LPPTKJDJFSFQTJOS5KMK	f	test5	2025-08-11 12:00:00+02	\N	f
20	niccer@gmail.com	AQAAAAIAAYagAAAAEKnbc2DaXj0c5HzHWb1pM0dKHcc/LHTOdLY1gug+ed9x3hQMaJcx+VlA2qi+g0AUsQ==	de7f1c88-f833-4006-b2df-4990c4e7121f	2026-01-27 17:57:40.958749+01	0	0c94bee5-5738-4cda-be9b-484a9592dc86	f	t	\N	NICCER@GMAIL.COM	TRYOUTDELETEMENIGGA	\N	f	ELGIUX7AO4E55W6BRVYTLOYNOQIFLT4S	f	TryOutDeleteMeNigga	-infinity	2026-01-20 17:57:24.39833+01	t
15	admin@gmail.com	AQAAAAIAAYagAAAAEBBNOYeRDcJRxrtJy9llzhP2PE4iNEzQRfadijyFlt29Vdsfz7nwIifv9JBT+HD2hw==	b9705fde-42ca-4439-ac6b-723e335bcae4	2026-01-27 21:44:37.783822+01	0	bd978e5f-c59e-4527-b10f-7bf571630de2	t	t	\N	ADMIN@GMAIL.COM	ADMIN@GMAIL.COM	\N	f	LHBOLYAFOTI7UDEW5LBQCMFKI7N5FOVZ	f	admin@gmail.com	2023-01-11 11:00:00+01	\N	f
3	test@gmail.com	AQAAAAIAAYagAAAAEJmmN297tvRMJWxE1y/5tySPGNV6QqxN/nCbSdxhbMm9sk/ZVEsvjDNjz40pBF+zzA==	fe33c9e6-3d73-4fa9-af81-28928facb7d8	2026-01-27 17:53:58.494482+01	0	6f4cfed4-054c-4dd5-ba66-27db4a54c3bf	f	t	\N	TEST@GMAIL.COM	TEST@GMAIL.COM	\N	f	RHXXDS42U62W27OKYOK3LOHPUZABJDMS	f	test@gmail.com	2024-06-01 12:00:00+02	\N	f
\.


--
-- Data for Name: Category; Type: TABLE DATA; Schema: public; Owner: -
--

COPY public."Category" ("Id", "Name") FROM stdin;
1	Groceries
2	Electronics
3	Restaurants
4	Public transport
5	Toys
6	Clothes
\.


--
-- Data for Name: Currency; Type: TABLE DATA; Schema: public; Owner: -
--

COPY public."Currency" ("Id", "Name") FROM stdin;
1	USD
2	EUR
3	PLN
4	UAH
\.


--
-- Data for Name: Expense; Type: TABLE DATA; Schema: public; Owner: -
--

COPY public."Expense" ("Id", "Date", "Description", "UserId", "CategoryId", "IssuerId", "CurrencyId", "GuestSessionId", "TotalAmount") FROM stdin;
6	2025-12-15 23:06:33.661+01	bought some milk for the porridge	6	1	\N	3	\N	0
7	2023-12-15 23:06:33.661+01	bought finally brand new MacBook M4!!!!	6	2	\N	3	\N	0
12	2024-10-23 18:33:50.626+02	nice phone	3	2	\N	3	\N	1200
13	2025-12-30 14:03:32.951+01	Bought a bike rack for a New Year!!!	17	5	\N	1	\N	50
15	2024-12-20 11:15:00+01	Christmas grocery shopping	3	1	\N	2	\N	93.50
16	2023-07-15 16:30:00+02	New laptop for university	3	2	\N	1	\N	2467.00
17	2025-02-14 21:00:00+01	Romantic Valentine's dinner	3	3	\N	2	\N	750.00
18	2024-05-12 13:30:00+02	Nephew's birthday gifts	3	5	\N	2	\N	244.97
19	2023-11-28 14:15:00+01	New winter coat and accessories	3	6	\N	1	\N	429.00
52	2024-11-29 23:15:00+01	Black Friday tech shopping spree	3	2	\N	1	\N	2198.98
53	2024-06-30 13:00:00+02	Summer wardrobe refresh	3	6	\N	2	\N	179.94
54	2024-08-25 12:30:00+02	University tech setup	3	2	\N	2	\N	2137.99
55	2022-10-05 21:30:00+02	10th wedding anniversary celebration	3	3	\N	3	\N	785.00
57	2025-11-11 22:22:00+01	Bought nice laptop!!11!	3	2	\N	1	\N	0
59	2009-01-03 21:01:00+01	CHANGED	3	2	1	2	\N	7552
68	1111-11-11 11:11:00+01:24	nicetest!!!!!!!	\N	3	\N	1	d9042bf2-a784-49f3-aa2b-77b507ea5ea9	0
69	1111-11-11 11:11:00+01:24	okokok	\N	1	\N	3	d9042bf2-a784-49f3-aa2b-77b507ea5ea9	0
70	1111-11-11 11:11:00+01:24	another guest expense!!!!	\N	2	\N	4	1367823d-cd08-477f-8ec7-2aaa9f841939	0
71	1111-11-11 11:11:00+01:24	wsaxzasxas	3	2	\N	3	\N	0
72	1111-11-11 11:11:00+01:24	wqsaxasx	\N	2	\N	3	4483cb24-f458-4e8e-ad00-f585d063c9c3	0
74	1111-11-11 11:11:00+01:24	12wqsa	\N	2	\N	2	691144bc-2555-49c1-9684-f1442b7ea501	0
51	2025-12-31 09:00:00+01	Party su!!!!!!!!!!!!pplies for New Year	3	3	1	4	\N	385.00
75	2026-01-20 06:22:00+01	??????	\N	2	1	2	1026dce8-2e7f-4c83-ab5a-bea851a79a16	10.5
76	1232-03-21 11:47:00+01:24	OKKKKKK	\N	1	1	1	1026dce8-2e7f-4c83-ab5a-bea851a79a16	168
14	2026-01-02 21:04:00+01	Just bought	3	2	1	1	\N	260
\.


--
-- Data for Name: Issuer; Type: TABLE DATA; Schema: public; Owner: -
--

COPY public."Issuer" ("Id", "Name") FROM stdin;
1	Other
\.


--
-- Data for Name: Product; Type: TABLE DATA; Schema: public; Owner: -
--

COPY public."Product" ("Id", "Name", "ExpenseId", "Quantity", "Price") FROM stdin;
1	Iphone 17	12	1	1200
2	Blackriver Bike Rack	13	1	35
3	Blackriver riptape	13	3	5
8	Turkey	15	1	45.00
9	Christmas pudding	15	1	12.50
10	Mulled wine	15	2	18.00
11	MacBook Pro 14-inch	16	1	1999.00
12	Apple Care+	16	1	379.00
13	USB-C Hub	16	1	89.00
14	Chef's tasting menu	17	2	250.00
15	Champagne	17	1	180.00
16	Valentine's dessert	17	2	35.00
17	LEGO Millennium Falcon	18	1	159.99
18	Remote control car	18	1	45.00
19	Jigsaw puzzles	18	2	19.99
20	Winter parka	19	1	349.00
21	Thermal gloves	19	1	45.00
22	Wool hat	19	1	35.00
53	Samsung 65" OLED TV	52	1	1299.99
54	PlayStation 5	52	1	499.99
55	Soundbar system	52	1	399.00
56	Linen shirts	53	3	29.99
57	Shorts	53	2	24.99
58	Sandals	53	1	39.99
59	Dell XPS 15 laptop	54	1	1699.00
60	External monitor 27"	54	1	349.00
61	Wireless mouse & keyboard	54	1	89.99
62	Anniversary tasting menu	55	2	195.00
63	Vintage champagne	55	1	350.00
64	Anniversary cake	55	1	45.00
66	Laptop	57	6	10000
78	changed	59	1	4444
79	4real!	59	7	444
81	okkk	68	1000	120
82	qwsaxz	69	1	12
83	12qwea	69	1	123
92	REALLY???	70	1	12121
93	12wqs	71	1	12
94	qwasdxsa	72	11	123
96	12	74	1	1
97	Champagne bottles	51	3	45
98	Caviar	51	1	120
99	Party snacks assortment	51	2	65
105	Salmon	75	3	3.5
107	okk	76	14	12
108	Hoodie	14	1	120
109	Socks	14	3	10
110	Hat	14	1	45
111	TShirt	14	1	65
\.


--
-- Data for Name: __EFMigrationsHistory; Type: TABLE DATA; Schema: public; Owner: -
--

COPY public."__EFMigrationsHistory" ("MigrationId", "ProductVersion") FROM stdin;
20250827132156_InitialCreate	9.0.8
20250829131804_AddSecurityCredentials	9.0.8
20250829183223_RemoveUnnecessaryFields	9.0.8
20250830124423_AdjustedUserModel	9.0.8
20250830132211_AdjustedUserModel2	9.0.8
20250910222044_AddCurrencyModel	9.0.8
20251217180838_AddAccountCreationDateField	9.0.8
20251217204506_Many to many relationship between Product and Expense	9.0.8
20251219181326_add Quantity field to joining table	9.0.8
20251223161820_remove association entity	9.0.8
20251223163031_remove amount from Expense	9.0.8
20251223163314_add Price field to Product	9.0.8
20251223225700_add Roles	9.0.8
20251224180200_add optional Ids to Expense to handle ANonymous User in the future	9.0.8
20260103120723_bring back total amount; Remove sessionId	9.0.8
20260106142816_add two fields to User for soft deletion	9.0.8
20260106193141_SyncGuestSessionIdColumn	9.0.8
20260106193709_IdsCheckingFunction	9.0.8
\.


--
-- Name: AspNetRoleClaims_Id_seq; Type: SEQUENCE SET; Schema: public; Owner: -
--

SELECT pg_catalog.setval('public."AspNetRoleClaims_Id_seq"', 1, false);


--
-- Name: AspNetRoles_Id_seq; Type: SEQUENCE SET; Schema: public; Owner: -
--

SELECT pg_catalog.setval('public."AspNetRoles_Id_seq"', 6, true);


--
-- Name: AspNetUserClaims_Id_seq; Type: SEQUENCE SET; Schema: public; Owner: -
--

SELECT pg_catalog.setval('public."AspNetUserClaims_Id_seq"', 1, false);


--
-- Name: Category_Id_seq; Type: SEQUENCE SET; Schema: public; Owner: -
--

SELECT pg_catalog.setval('public."Category_Id_seq"', 6, true);


--
-- Name: Currency_Id_seq; Type: SEQUENCE SET; Schema: public; Owner: -
--

SELECT pg_catalog.setval('public."Currency_Id_seq"', 4, true);


--
-- Name: Expense_Id_seq; Type: SEQUENCE SET; Schema: public; Owner: -
--

SELECT pg_catalog.setval('public."Expense_Id_seq"', 77, true);


--
-- Name: Issuer_Id_seq; Type: SEQUENCE SET; Schema: public; Owner: -
--

SELECT pg_catalog.setval('public."Issuer_Id_seq"', 1, true);


--
-- Name: Product_Id_seq; Type: SEQUENCE SET; Schema: public; Owner: -
--

SELECT pg_catalog.setval('public."Product_Id_seq"', 112, true);


--
-- Name: User_Id_seq; Type: SEQUENCE SET; Schema: public; Owner: -
--

SELECT pg_catalog.setval('public."User_Id_seq"', 20, true);


--
-- Name: AspNetRoleClaims PK_AspNetRoleClaims; Type: CONSTRAINT; Schema: public; Owner: -
--

ALTER TABLE ONLY public."AspNetRoleClaims"
    ADD CONSTRAINT "PK_AspNetRoleClaims" PRIMARY KEY ("Id");


--
-- Name: AspNetRoles PK_AspNetRoles; Type: CONSTRAINT; Schema: public; Owner: -
--

ALTER TABLE ONLY public."AspNetRoles"
    ADD CONSTRAINT "PK_AspNetRoles" PRIMARY KEY ("Id");


--
-- Name: AspNetUserClaims PK_AspNetUserClaims; Type: CONSTRAINT; Schema: public; Owner: -
--

ALTER TABLE ONLY public."AspNetUserClaims"
    ADD CONSTRAINT "PK_AspNetUserClaims" PRIMARY KEY ("Id");


--
-- Name: AspNetUserLogins PK_AspNetUserLogins; Type: CONSTRAINT; Schema: public; Owner: -
--

ALTER TABLE ONLY public."AspNetUserLogins"
    ADD CONSTRAINT "PK_AspNetUserLogins" PRIMARY KEY ("LoginProvider", "ProviderKey");


--
-- Name: AspNetUserRoles PK_AspNetUserRoles; Type: CONSTRAINT; Schema: public; Owner: -
--

ALTER TABLE ONLY public."AspNetUserRoles"
    ADD CONSTRAINT "PK_AspNetUserRoles" PRIMARY KEY ("UserId", "RoleId");


--
-- Name: AspNetUserTokens PK_AspNetUserTokens; Type: CONSTRAINT; Schema: public; Owner: -
--

ALTER TABLE ONLY public."AspNetUserTokens"
    ADD CONSTRAINT "PK_AspNetUserTokens" PRIMARY KEY ("UserId", "LoginProvider", "Name");


--
-- Name: AspNetUsers PK_AspNetUsers; Type: CONSTRAINT; Schema: public; Owner: -
--

ALTER TABLE ONLY public."AspNetUsers"
    ADD CONSTRAINT "PK_AspNetUsers" PRIMARY KEY ("Id");


--
-- Name: Category PK_Category; Type: CONSTRAINT; Schema: public; Owner: -
--

ALTER TABLE ONLY public."Category"
    ADD CONSTRAINT "PK_Category" PRIMARY KEY ("Id");


--
-- Name: Currency PK_Currency; Type: CONSTRAINT; Schema: public; Owner: -
--

ALTER TABLE ONLY public."Currency"
    ADD CONSTRAINT "PK_Currency" PRIMARY KEY ("Id");


--
-- Name: Expense PK_Expense; Type: CONSTRAINT; Schema: public; Owner: -
--

ALTER TABLE ONLY public."Expense"
    ADD CONSTRAINT "PK_Expense" PRIMARY KEY ("Id");


--
-- Name: Issuer PK_Issuer; Type: CONSTRAINT; Schema: public; Owner: -
--

ALTER TABLE ONLY public."Issuer"
    ADD CONSTRAINT "PK_Issuer" PRIMARY KEY ("Id");


--
-- Name: Product PK_Product; Type: CONSTRAINT; Schema: public; Owner: -
--

ALTER TABLE ONLY public."Product"
    ADD CONSTRAINT "PK_Product" PRIMARY KEY ("Id");


--
-- Name: __EFMigrationsHistory PK___EFMigrationsHistory; Type: CONSTRAINT; Schema: public; Owner: -
--

ALTER TABLE ONLY public."__EFMigrationsHistory"
    ADD CONSTRAINT "PK___EFMigrationsHistory" PRIMARY KEY ("MigrationId");


--
-- Name: EmailIndex; Type: INDEX; Schema: public; Owner: -
--

CREATE INDEX "EmailIndex" ON public."AspNetUsers" USING btree ("NormalizedEmail");


--
-- Name: IX_AspNetRoleClaims_RoleId; Type: INDEX; Schema: public; Owner: -
--

CREATE INDEX "IX_AspNetRoleClaims_RoleId" ON public."AspNetRoleClaims" USING btree ("RoleId");


--
-- Name: IX_AspNetUserClaims_UserId; Type: INDEX; Schema: public; Owner: -
--

CREATE INDEX "IX_AspNetUserClaims_UserId" ON public."AspNetUserClaims" USING btree ("UserId");


--
-- Name: IX_AspNetUserLogins_UserId; Type: INDEX; Schema: public; Owner: -
--

CREATE INDEX "IX_AspNetUserLogins_UserId" ON public."AspNetUserLogins" USING btree ("UserId");


--
-- Name: IX_AspNetUserRoles_RoleId; Type: INDEX; Schema: public; Owner: -
--

CREATE INDEX "IX_AspNetUserRoles_RoleId" ON public."AspNetUserRoles" USING btree ("RoleId");


--
-- Name: IX_Expense_CategoryId; Type: INDEX; Schema: public; Owner: -
--

CREATE INDEX "IX_Expense_CategoryId" ON public."Expense" USING btree ("CategoryId");


--
-- Name: IX_Expense_CurrencyId; Type: INDEX; Schema: public; Owner: -
--

CREATE INDEX "IX_Expense_CurrencyId" ON public."Expense" USING btree ("CurrencyId");


--
-- Name: IX_Expense_GuestSessionId; Type: INDEX; Schema: public; Owner: -
--

CREATE INDEX "IX_Expense_GuestSessionId" ON public."Expense" USING btree ("GuestSessionId");


--
-- Name: IX_Expense_IssuerId; Type: INDEX; Schema: public; Owner: -
--

CREATE INDEX "IX_Expense_IssuerId" ON public."Expense" USING btree ("IssuerId");


--
-- Name: IX_Expense_UserId; Type: INDEX; Schema: public; Owner: -
--

CREATE INDEX "IX_Expense_UserId" ON public."Expense" USING btree ("UserId");


--
-- Name: IX_Product_ExpenseId; Type: INDEX; Schema: public; Owner: -
--

CREATE INDEX "IX_Product_ExpenseId" ON public."Product" USING btree ("ExpenseId");


--
-- Name: RoleNameIndex; Type: INDEX; Schema: public; Owner: -
--

CREATE UNIQUE INDEX "RoleNameIndex" ON public."AspNetRoles" USING btree ("NormalizedName");


--
-- Name: UserNameIndex; Type: INDEX; Schema: public; Owner: -
--

CREATE UNIQUE INDEX "UserNameIndex" ON public."AspNetUsers" USING btree ("NormalizedUserName");


--
-- Name: AspNetRoleClaims FK_AspNetRoleClaims_AspNetRoles_RoleId; Type: FK CONSTRAINT; Schema: public; Owner: -
--

ALTER TABLE ONLY public."AspNetRoleClaims"
    ADD CONSTRAINT "FK_AspNetRoleClaims_AspNetRoles_RoleId" FOREIGN KEY ("RoleId") REFERENCES public."AspNetRoles"("Id") ON DELETE CASCADE;


--
-- Name: AspNetUserClaims FK_AspNetUserClaims_AspNetUsers_UserId; Type: FK CONSTRAINT; Schema: public; Owner: -
--

ALTER TABLE ONLY public."AspNetUserClaims"
    ADD CONSTRAINT "FK_AspNetUserClaims_AspNetUsers_UserId" FOREIGN KEY ("UserId") REFERENCES public."AspNetUsers"("Id") ON DELETE CASCADE;


--
-- Name: AspNetUserLogins FK_AspNetUserLogins_AspNetUsers_UserId; Type: FK CONSTRAINT; Schema: public; Owner: -
--

ALTER TABLE ONLY public."AspNetUserLogins"
    ADD CONSTRAINT "FK_AspNetUserLogins_AspNetUsers_UserId" FOREIGN KEY ("UserId") REFERENCES public."AspNetUsers"("Id") ON DELETE CASCADE;


--
-- Name: AspNetUserRoles FK_AspNetUserRoles_AspNetRoles_RoleId; Type: FK CONSTRAINT; Schema: public; Owner: -
--

ALTER TABLE ONLY public."AspNetUserRoles"
    ADD CONSTRAINT "FK_AspNetUserRoles_AspNetRoles_RoleId" FOREIGN KEY ("RoleId") REFERENCES public."AspNetRoles"("Id") ON DELETE CASCADE;


--
-- Name: AspNetUserRoles FK_AspNetUserRoles_AspNetUsers_UserId; Type: FK CONSTRAINT; Schema: public; Owner: -
--

ALTER TABLE ONLY public."AspNetUserRoles"
    ADD CONSTRAINT "FK_AspNetUserRoles_AspNetUsers_UserId" FOREIGN KEY ("UserId") REFERENCES public."AspNetUsers"("Id") ON DELETE CASCADE;


--
-- Name: AspNetUserTokens FK_AspNetUserTokens_AspNetUsers_UserId; Type: FK CONSTRAINT; Schema: public; Owner: -
--

ALTER TABLE ONLY public."AspNetUserTokens"
    ADD CONSTRAINT "FK_AspNetUserTokens_AspNetUsers_UserId" FOREIGN KEY ("UserId") REFERENCES public."AspNetUsers"("Id") ON DELETE CASCADE;


--
-- Name: Expense FK_Expense_AspNetUsers_UserId; Type: FK CONSTRAINT; Schema: public; Owner: -
--

ALTER TABLE ONLY public."Expense"
    ADD CONSTRAINT "FK_Expense_AspNetUsers_UserId" FOREIGN KEY ("UserId") REFERENCES public."AspNetUsers"("Id");


--
-- Name: Expense FK_Expense_Category_CategoryId; Type: FK CONSTRAINT; Schema: public; Owner: -
--

ALTER TABLE ONLY public."Expense"
    ADD CONSTRAINT "FK_Expense_Category_CategoryId" FOREIGN KEY ("CategoryId") REFERENCES public."Category"("Id");


--
-- Name: Expense FK_Expense_Currency_CurrencyId; Type: FK CONSTRAINT; Schema: public; Owner: -
--

ALTER TABLE ONLY public."Expense"
    ADD CONSTRAINT "FK_Expense_Currency_CurrencyId" FOREIGN KEY ("CurrencyId") REFERENCES public."Currency"("Id");


--
-- Name: Expense FK_Expense_Issuer_IssuerId; Type: FK CONSTRAINT; Schema: public; Owner: -
--

ALTER TABLE ONLY public."Expense"
    ADD CONSTRAINT "FK_Expense_Issuer_IssuerId" FOREIGN KEY ("IssuerId") REFERENCES public."Issuer"("Id");


--
-- Name: Product FK_Product_Expense_ExpenseId; Type: FK CONSTRAINT; Schema: public; Owner: -
--

ALTER TABLE ONLY public."Product"
    ADD CONSTRAINT "FK_Product_Expense_ExpenseId" FOREIGN KEY ("ExpenseId") REFERENCES public."Expense"("Id") ON DELETE CASCADE;


--
-- PostgreSQL database dump complete
--

\unrestrict Toip35af2hoeXoa898EfG08cBoqoixTh3XX19l23nqrqbPrr2MZgB5ySOwVu5QL

